scope,input,n,algo,millis,compares,moves,extraBytes,maxDepth,sorted,stable
kinds,random,4000,insertionSort,21.79,3950647,3950655,8,1,1,1
kinds,random,4000,quickSort,0.486,71664,41760,16,10,1,1
kinds,random,4000,heapSort,0.633,83455,64373,8,1,1,1
kinds,sorted,4000,insertionSort,0.006,3999,0,8,1,1,1
kinds,sorted,4000,quickSort,0.157,63900,3999,16,12,1,1
kinds,sorted,4000,heapSort,0.544,86576,67138,8,1,1,1
kinds,reversed,4000,insertionSort,42.66,8001999,8005998,8,1,1,1
kinds,reversed,4000,quickSort,0.177,63901,10005,16,12,1,1
kinds,reversed,4000,heapSort,0.535,80151,61432,8,1,1,1
kinds,few-unique,4000,insertionSort,19.309,3575497,3575032,8,1,1,1
kinds,few-unique,4000,quickSort,0.379,70011,64218,16,11,1,0
kinds,few-unique,4000,heapSort,0.504,75542,58990,8,1,1,0
growth,random,1000,insertionSort,1.401,255273,255280,8,1,1,1
growth,random,1000,quickSort,0.104,15366,8967,16,9,1,1
growth,random,1000,heapSort,0.132,16808,14048,8,1,1,1
growth,random,2000,insertionSort,5.552,998714,998721,8,1,1,1
growth,random,2000,quickSort,0.223,32730,19156,16,10,1,1
growth,random,2000,heapSort,0.287,37684,30145,8,1,1,1
growth,random,4000,insertionSort,21.646,3950647,3950655,8,1,1,1
growth,random,4000,quickSort,0.49,71664,41760,16,10,1,1
growth,random,4000,heapSort,0.623,83455,64373,8,1,1,1
growth,random,8000,insertionSort,87.175,15966683,15966691,8,1,1,1
growth,random,8000,quickSort,1.03,149267,89194,16,11,1,1
growth,random,8000,heapSort,1.347,182934,136729,8,1,1,1
growth,random,16000,insertionSort,349.579,64120072,64120081,8,1,1,1
growth,random,16000,quickSort,2.202,323648,189696,16,12,1,1
growth,random,16000,heapSort,2.946,397756,289307,8,1,1,1
